,annee,mois,region,SIN_N/N-1
0,2020,1,Auvergne-Rhône-Alpes,-0.0369941908211302
1,2020,2,Auvergne-Rhône-Alpes,0.08478179426286747
2,2020,3,Auvergne-Rhône-Alpes,-0.38244124625733433
3,2020,4,Auvergne-Rhône-Alpes,-0.6969607666648152
4,2020,5,Auvergne-Rhône-Alpes,-0.29218047524801527
5,2020,6,Auvergne-Rhône-Alpes,0.1396551041735652
6,2020,7,Auvergne-Rhône-Alpes,0.07475308476628428
7,2020,8,Auvergne-Rhône-Alpes,0.09000082017862798
8,2020,9,Auvergne-Rhône-Alpes,0.10837378130871955
9,2020,10,Auvergne-Rhône-Alpes,0.019515568331590405
10,2020,11,Auvergne-Rhône-Alpes,-0.0008447461878409168
11,2020,12,Auvergne-Rhône-Alpes,0.034062203274493275
12,2020,1,Bourgogne-Franche-Comté,-0.037585093120549584
13,2020,2,Bourgogne-Franche-Comté,0.07702981873938786
14,2020,3,Bourgogne-Franche-Comté,-0.35411479756378894
15,2020,4,Bourgogne-Franche-Comté,-0.6735400322023162
16,2020,5,Bourgogne-Franche-Comté,-0.2982085653768868
17,2020,6,Bourgogne-Franche-Comté,0.11626004471296092
18,2020,7,Bourgogne-Franche-Comté,0.06530248190521504
19,2020,8,Bourgogne-Franche-Comté,0.07595537639172756
20,2020,9,Bourgogne-Franche-Comté,0.09612979771470642
21,2020,10,Bourgogne-Franche-Comté,0.019751194541825834
22,2020,11,Bourgogne-Franche-Comté,0.014022934971858358
23,2020,12,Bourgogne-Franche-Comté,0.02671884845282091
24,2020,1,Bretagne,-0.04394715878298261
25,2020,2,Bretagne,0.0596246501840656
26,2020,3,Bretagne,-0.31683039907835897
27,2020,4,Bretagne,-0.6645567452182497
28,2020,5,Bretagne,-0.28510661157233963
29,2020,6,Bretagne,0.13034286809616846
30,2020,7,Bretagne,0.07695353316062836
31,2020,8,Bretagne,0.09043675799827966
32,2020,9,Bretagne,0.10801833768632374
33,2020,10,Bretagne,0.035571365175336433
34,2020,11,Bretagne,0.07053631316906994
35,2020,12,Bretagne,0.06074164796159631
36,2020,1,Centre-Val-de-Loire,-0.054576930362359555
37,2020,2,Centre-Val-de-Loire,0.04564072626691473
38,2020,3,Centre-Val-de-Loire,-0.33056826380171733
39,2020,4,Centre-Val-de-Loire,-0.6785873994004648
40,2020,5,Centre-Val-de-Loire,-0.3067567855416543
41,2020,6,Centre-Val-de-Loire,0.10714757742313008
42,2020,7,Centre-Val-de-Loire,0.0504205525031407
43,2020,8,Centre-Val-de-Loire,0.0722752318897153
44,2020,9,Centre-Val-de-Loire,0.09733865961760291
45,2020,10,Centre-Val-de-Loire,0.03127221505903277
46,2020,11,Centre-Val-de-Loire,0.04358798849489198
47,2020,12,Centre-Val-de-Loire,0.065498133039811
48,2020,1,Grand Est,-0.043308451377736645
49,2020,2,Grand Est,0.032002039006965965
50,2020,3,Grand Est,-0.3613536431810903
51,2020,4,Grand Est,-0.6633110070273376
52,2020,5,Grand Est,-0.31291153023715157
53,2020,6,Grand Est,0.10395187735890943
54,2020,7,Grand Est,0.04704126027644295
55,2020,8,Grand Est,0.06505944166459598
56,2020,9,Grand Est,0.07542526819548234
57,2020,10,Grand Est,0.014336912490674925
58,2020,11,Grand Est,0.03611798266752464
59,2020,12,Grand Est,0.02848870331269615
60,2020,1,Hauts-de-France,-0.017926248659157595
61,2020,2,Hauts-de-France,0.05449045351407911
62,2020,3,Hauts-de-France,-0.3250811707685677
63,2020,4,Hauts-de-France,-0.6424229453853496
64,2020,5,Hauts-de-France,-0.2844719848898989
65,2020,6,Hauts-de-France,0.10508666538130806
66,2020,7,Hauts-de-France,0.05126824936044483
67,2020,8,Hauts-de-France,0.05503629207406724
68,2020,9,Hauts-de-France,0.07571681172814282
69,2020,10,Hauts-de-France,-0.0006182072955202011
70,2020,11,Hauts-de-France,0.016454397869864357
71,2020,12,Hauts-de-France,0.02659049398051727
72,2020,1,Ile-de-France,-0.03961072811900046
73,2020,2,Ile-de-France,0.006178795591161412
74,2020,3,Ile-de-France,-0.352845697287298
75,2020,4,Ile-de-France,-0.7083959945525953
76,2020,5,Ile-de-France,-0.29472837821034825
77,2020,6,Ile-de-France,0.11641346597843105
78,2020,7,Ile-de-France,0.054728703538881485
79,2020,8,Ile-de-France,0.0877284980710289
80,2020,9,Ile-de-France,0.08754392725465698
81,2020,10,Ile-de-France,0.02831038774772554
82,2020,11,Ile-de-France,0.04692311621411838
83,2020,12,Ile-de-France,0.059355938516166606
84,2020,1,Normandie,-0.0237243734467818
85,2020,2,Normandie,0.08345846198902507
86,2020,3,Normandie,-0.3226747372077893
87,2020,4,Normandie,-0.6574343202209414
88,2020,5,Normandie,-0.25622365104122957
89,2020,6,Normandie,0.1691150422430796
90,2020,7,Normandie,0.10229753586204615
91,2020,8,Normandie,0.08292878443340279
92,2020,9,Normandie,0.10722293856562692
93,2020,10,Normandie,0.024102494973871735
94,2020,11,Normandie,0.0340700986839364
95,2020,12,Normandie,0.04185383222144723
96,2020,1,Nouvelle-Aquitaine,-0.026603577779393817
97,2020,2,Nouvelle-Aquitaine,0.08795787592644566
98,2020,3,Nouvelle-Aquitaine,-0.3545728272361658
99,2020,4,Nouvelle-Aquitaine,-0.6770882702029938
100,2020,5,Nouvelle-Aquitaine,-0.2718195516280145
101,2020,6,Nouvelle-Aquitaine,0.13399468421042005
102,2020,7,Nouvelle-Aquitaine,0.0790351524311308
103,2020,8,Nouvelle-Aquitaine,0.08172282143350595
104,2020,9,Nouvelle-Aquitaine,0.09224142850325157
105,2020,10,Nouvelle-Aquitaine,0.02918239142936474
106,2020,11,Nouvelle-Aquitaine,0.05581916540167642
107,2020,12,Nouvelle-Aquitaine,0.05526571464221375
108,2020,1,Occitanie,-0.031123022859839367
109,2020,2,Occitanie,0.01514857298022454
110,2020,3,Occitanie,-0.3127732855255356
111,2020,4,Occitanie,-0.6749827726761017
112,2020,5,Occitanie,-0.26663428722464944
113,2020,6,Occitanie,0.11967435866304088
114,2020,7,Occitanie,0.061377255286585
115,2020,8,Occitanie,0.07138365263042412
116,2020,9,Occitanie,0.08965186126188418
117,2020,10,Occitanie,0.020792438645006017
118,2020,11,Occitanie,0.04142179636280208
119,2020,12,Occitanie,0.03691852422794595
120,2020,1,Pays de la Loire,-0.04810312992534149
121,2020,2,Pays de la Loire,0.06965843081250456
122,2020,3,Pays de la Loire,-0.3283411184891938
123,2020,4,Pays de la Loire,-0.688720014325142
124,2020,5,Pays de la Loire,-0.2762909893488018
125,2020,6,Pays de la Loire,0.15361141781812826
126,2020,7,Pays de la Loire,0.08787072799951168
127,2020,8,Pays de la Loire,0.08366454581443539
128,2020,9,Pays de la Loire,0.1259863120255611
129,2020,10,Pays de la Loire,0.05801216305851642
130,2020,11,Pays de la Loire,0.07885287680246589
131,2020,12,Pays de la Loire,0.08011802191415263
132,2020,1,Provence-Alpes-Côte d'Azur et Corse,-0.04044544324573851
133,2020,2,Provence-Alpes-Côte d'Azur et Corse,0.04959668984254728
134,2020,3,Provence-Alpes-Côte d'Azur et Corse,-0.33793712527688125
135,2020,4,Provence-Alpes-Côte d'Azur et Corse,-0.6535379723743864
136,2020,5,Provence-Alpes-Côte d'Azur et Corse,-0.2625185932587042
137,2020,6,Provence-Alpes-Côte d'Azur et Corse,0.13529695476180836
138,2020,7,Provence-Alpes-Côte d'Azur et Corse,0.08280736556042778
139,2020,8,Provence-Alpes-Côte d'Azur et Corse,0.0947184617147856
140,2020,9,Provence-Alpes-Côte d'Azur et Corse,0.08246571355736365
141,2020,10,Provence-Alpes-Côte d'Azur et Corse,0.021978485232628575
142,2020,11,Provence-Alpes-Côte d'Azur et Corse,0.0495101802255864
143,2020,12,Provence-Alpes-Côte d'Azur et Corse,0.030269818797240555
144,2020,1,Régions et Départements d'outre-mer,-0.08346768066258659
145,2020,2,Régions et Départements d'outre-mer,-0.04218133376649935
146,2020,3,Régions et Départements d'outre-mer,-0.2642767452850804
147,2020,4,Régions et Départements d'outre-mer,-0.5829508281082205
148,2020,5,Régions et Départements d'outre-mer,-0.27760415291406504
149,2020,6,Régions et Départements d'outre-mer,-0.012784525586684525
150,2020,7,Régions et Départements d'outre-mer,0.017583710339797554
151,2020,8,Régions et Départements d'outre-mer,0.02010968966615989
152,2020,9,Régions et Départements d'outre-mer,-0.009402346025949693
153,2020,10,Régions et Départements d'outre-mer,-0.041963432465912054
154,2020,11,Régions et Départements d'outre-mer,0.003669185861789659
155,2020,12,Régions et Départements d'outre-mer,-0.01010248738014874
156,2021,1,Auvergne-Rhône-Alpes,0.021914514954566977
157,2021,2,Auvergne-Rhône-Alpes,-0.049542556599362686
158,2021,3,Auvergne-Rhône-Alpes,0.779836940590283
159,2021,4,Auvergne-Rhône-Alpes,2.4306581503381435
160,2021,5,Auvergne-Rhône-Alpes,0.4430991801620845
161,2021,6,Auvergne-Rhône-Alpes,0.07507589848193263
162,2021,7,Auvergne-Rhône-Alpes,-0.057180074542118375
163,2021,8,Auvergne-Rhône-Alpes,-0.041057411832584156
164,2021,9,Auvergne-Rhône-Alpes,0.005905832779353748
165,2021,10,Auvergne-Rhône-Alpes,0.004630913951465976
166,2021,11,Auvergne-Rhône-Alpes,0.08952660417872749
167,2021,12,Auvergne-Rhône-Alpes,-0.009111296930178425
168,2021,1,Bourgogne-Franche-Comté,-0.005478021291148938
169,2021,2,Bourgogne-Franche-Comté,-0.0630671339076968
170,2021,3,Bourgogne-Franche-Comté,0.6907788297792379
171,2021,4,Bourgogne-Franche-Comté,2.272771894283824
172,2021,5,Bourgogne-Franche-Comté,0.47483009233886553
173,2021,6,Bourgogne-Franche-Comté,0.08036563994756563
174,2021,7,Bourgogne-Franche-Comté,-0.042537852982789004
175,2021,8,Bourgogne-Franche-Comté,-0.03232432250371131
176,2021,9,Bourgogne-Franche-Comté,0.0076192505467178595
177,2021,10,Bourgogne-Franche-Comté,-0.017765212908314898
178,2021,11,Bourgogne-Franche-Comté,0.06663976611166711
179,2021,12,Bourgogne-Franche-Comté,0.019424473477900772
180,2021,1,Bretagne,0.03830555124058499
181,2021,2,Bretagne,-0.008224848472243917
182,2021,3,Bretagne,0.5476522594753124
183,2021,4,Bretagne,2.3343874291338254
184,2021,5,Bretagne,0.41485633090020335
185,2021,6,Bretagne,0.07436950414551657
186,2021,7,Bretagne,-0.05436905959303129
187,2021,8,Bretagne,-0.03267149731918906
188,2021,9,Bretagne,-0.011756459445062095
189,2021,10,Bretagne,-0.009075193079531307
190,2021,11,Bretagne,0.028651987626163056
191,2021,12,Bretagne,-0.004441844074131951
192,2021,1,Centre-Val-de-Loire,0.011357411356652136
193,2021,2,Centre-Val-de-Loire,-0.012171001210150023
194,2021,3,Centre-Val-de-Loire,0.5497385594083195
195,2021,4,Centre-Val-de-Loire,2.376577523487116
196,2021,5,Centre-Val-de-Loire,0.39456740665587464
197,2021,6,Centre-Val-de-Loire,0.0840364951438628
198,2021,7,Centre-Val-de-Loire,-0.05318703739819264
199,2021,8,Centre-Val-de-Loire,-0.043434435697186524
200,2021,9,Centre-Val-de-Loire,-0.010032491183089354
201,2021,10,Centre-Val-de-Loire,-0.02557539197508174
202,2021,11,Centre-Val-de-Loire,0.014005499605168836
203,2021,12,Centre-Val-de-Loire,-0.008712122139500345
204,2021,1,Grand Est,-0.015376148851742433
205,2021,2,Grand Est,0.0002051564101261949
206,2021,3,Grand Est,0.5956299367562825
207,2021,4,Grand Est,2.1761203301462944
208,2021,5,Grand Est,0.4551071330845393
209,2021,6,Grand Est,0.09246868845183132
210,2021,7,Grand Est,-0.035331647594731064
211,2021,8,Grand Est,-0.01893109161463602
212,2021,9,Grand Est,0.007288770271099976
213,2021,10,Grand Est,-0.012093181373255324
214,2021,11,Grand Est,0.029228787481901053
215,2021,12,Grand Est,-0.002954290981562968
216,2021,1,Hauts-de-France,-0.0074383033964675604
217,2021,2,Hauts-de-France,-0.005407690590686687
218,2021,3,Hauts-de-France,0.5225282082046452
219,2021,4,Hauts-de-France,2.031927288319063
220,2021,5,Hauts-de-France,0.36996049893862293
221,2021,6,Hauts-de-France,0.07645552552622004
222,2021,7,Hauts-de-France,-0.046097500775891365
223,2021,8,Hauts-de-France,-0.025065544869857792
224,2021,9,Hauts-de-France,0.005714493063614823
225,2021,10,Hauts-de-France,0.011503038093868989
226,2021,11,Hauts-de-France,0.046055345244308654
227,2021,12,Hauts-de-France,0.01148130465018471
228,2021,1,Ile-de-France,0.03691629910193872
229,2021,2,Ile-de-France,-0.025640894250434365
230,2021,3,Ile-de-France,0.691302225803268
231,2021,4,Ile-de-France,2.6992230411371634
232,2021,5,Ile-de-France,0.4600732784369783
233,2021,6,Ile-de-France,0.08873283044131575
234,2021,7,Ile-de-France,-0.05944577255162953
235,2021,8,Ile-de-France,-0.042111093720031856
236,2021,9,Ile-de-France,-0.009557339332354253
237,2021,10,Ile-de-France,0.008315953342793225
238,2021,11,Ile-de-France,0.028382168549047293
239,2021,12,Ile-de-France,0.0008485364768378023
240,2021,1,Normandie,0.019419932920332172
241,2021,2,Normandie,-0.0076525021813600436
242,2021,3,Normandie,0.5413696013059459
243,2021,4,Normandie,2.261393054171588
244,2021,5,Normandie,0.34332343978634317
245,2021,6,Normandie,0.051815118118468506
246,2021,7,Normandie,-0.06550168562113301
247,2021,8,Normandie,-0.04216624858863938
248,2021,9,Normandie,-0.001554874460762412
249,2021,10,Normandie,-0.004248729551773467
250,2021,11,Normandie,0.043931310826584635
251,2021,12,Normandie,0.006141458952893641
252,2021,1,Nouvelle-Aquitaine,-0.0002586433558069423
253,2021,2,Nouvelle-Aquitaine,-0.0588751777534261
254,2021,3,Nouvelle-Aquitaine,0.712932743762104
255,2021,4,Nouvelle-Aquitaine,2.288189060990437
256,2021,5,Nouvelle-Aquitaine,0.40500601423995386
257,2021,6,Nouvelle-Aquitaine,0.0641451932967636
258,2021,7,Nouvelle-Aquitaine,-0.056023321856821906
259,2021,8,Nouvelle-Aquitaine,-0.047531666572295794
260,2021,9,Nouvelle-Aquitaine,0.01506291652077274
261,2021,10,Nouvelle-Aquitaine,-0.014717491241006075
262,2021,11,Nouvelle-Aquitaine,0.0295514671353303
263,2021,12,Nouvelle-Aquitaine,0.003366651682247701
264,2021,1,Occitanie,0.0015191325051289173
265,2021,2,Occitanie,-0.031620020913714075
266,2021,3,Occitanie,0.6306790729965066
267,2021,4,Occitanie,2.2228729043079625
268,2021,5,Occitanie,0.4173242031449289
269,2021,6,Occitanie,0.06511790815329377
270,2021,7,Occitanie,-0.06364216790912558
271,2021,8,Occitanie,-0.043234070148628234
272,2021,9,Occitanie,0.0024455787491164394
273,2021,10,Occitanie,-0.003864295219599412
274,2021,11,Occitanie,0.033144752282093126
275,2021,12,Occitanie,0.009070741181880448
276,2021,1,Pays de la Loire,0.03662192049900548
277,2021,2,Pays de la Loire,0.0027035596073405888
278,2021,3,Pays de la Loire,0.6022944856631403
279,2021,4,Pays de la Loire,2.6061971381704305
280,2021,5,Pays de la Loire,0.39484013120512995
281,2021,6,Pays de la Loire,0.06090999873621006
282,2021,7,Pays de la Loire,-0.06125460636200453
283,2021,8,Pays de la Loire,-0.04394705127334453
284,2021,9,Pays de la Loire,-0.005515368472326032
285,2021,10,Pays de la Loire,-0.02917646734806334
286,2021,11,Pays de la Loire,0.008708322916205269
287,2021,12,Pays de la Loire,-0.015406564326525873
288,2021,1,Provence-Alpes-Côte d'Azur et Corse,0.0019557258401841082
289,2021,2,Provence-Alpes-Côte d'Azur et Corse,-0.010146989607143553
290,2021,3,Provence-Alpes-Côte d'Azur et Corse,0.5905461253117228
291,2021,4,Provence-Alpes-Côte d'Azur et Corse,2.191297798549196
292,2021,5,Provence-Alpes-Côte d'Azur et Corse,0.4127560450241028
293,2021,6,Provence-Alpes-Côte d'Azur et Corse,0.06609352812846847
294,2021,7,Provence-Alpes-Côte d'Azur et Corse,-0.05422246666730546
295,2021,8,Provence-Alpes-Côte d'Azur et Corse,-0.0385756222247946
296,2021,9,Provence-Alpes-Côte d'Azur et Corse,0.009100529951580727
297,2021,10,Provence-Alpes-Côte d'Azur et Corse,-0.0004876701728195876
298,2021,11,Provence-Alpes-Côte d'Azur et Corse,0.0504842681283213
299,2021,12,Provence-Alpes-Côte d'Azur et Corse,0.02285751155591509
300,2021,1,Régions et Départements d'outre-mer,0.0222066319340557
301,2021,2,Régions et Départements d'outre-mer,-0.004209845572931803
302,2021,3,Régions et Départements d'outre-mer,0.44857517237752376
303,2021,4,Régions et Départements d'outre-mer,1.4261802951842184
304,2021,5,Régions et Départements d'outre-mer,0.39744190696134063
305,2021,6,Régions et Départements d'outre-mer,0.12407205908221264
306,2021,7,Régions et Départements d'outre-mer,-0.07280060814021683
307,2021,8,Régions et Départements d'outre-mer,-0.046661416059952776
308,2021,9,Régions et Départements d'outre-mer,-0.011169151152002232
309,2021,10,Régions et Départements d'outre-mer,0.005007488523987247
310,2021,11,Régions et Départements d'outre-mer,-0.024106439064723095
311,2021,12,Régions et Départements d'outre-mer,0.0038347824877436043
312,2022,1,Auvergne-Rhône-Alpes,-0.0018102956005020543
313,2022,2,Auvergne-Rhône-Alpes,0.007529230714623747
314,2022,3,Auvergne-Rhône-Alpes,0.024931722409279322
315,2022,4,Auvergne-Rhône-Alpes,2.9495082765951253e-05
316,2022,5,Auvergne-Rhône-Alpes,0.09116636771291442
317,2022,6,Auvergne-Rhône-Alpes,-0.05414859341313749
318,2022,7,Auvergne-Rhône-Alpes,-0.037108606220498275
319,2022,8,Auvergne-Rhône-Alpes,0.06502584159966207
320,2022,9,Auvergne-Rhône-Alpes,0.03711249154801077
321,2022,10,Auvergne-Rhône-Alpes,0.013769769574685675
322,2022,11,Auvergne-Rhône-Alpes,0.045939646012935986
323,2022,12,Auvergne-Rhône-Alpes,0.022167507692509636
324,2022,1,Bourgogne-Franche-Comté,0.03864675958631736
325,2022,2,Bourgogne-Franche-Comté,0.009405988650492025
326,2022,3,Bourgogne-Franche-Comté,0.028806740972497247
327,2022,4,Bourgogne-Franche-Comté,-0.020400325139726005
328,2022,5,Bourgogne-Franche-Comté,0.07851633306460726
329,2022,6,Bourgogne-Franche-Comté,-0.04870619386175146
330,2022,7,Bourgogne-Franche-Comté,-0.02893401749310931
331,2022,8,Bourgogne-Franche-Comté,0.04807926703458332
332,2022,9,Bourgogne-Franche-Comté,0.03493025745759648
333,2022,10,Bourgogne-Franche-Comté,0.01685821817344002
334,2022,11,Bourgogne-Franche-Comté,0.039655457040350894
335,2022,12,Bourgogne-Franche-Comté,0.012463038890982547
336,2022,1,Bretagne,0.022748298204545936
337,2022,2,Bretagne,-0.005371057615472963
338,2022,3,Bretagne,0.05921295085619005
339,2022,4,Bretagne,-0.043100327158363316
340,2022,5,Bretagne,0.10434888700328293
341,2022,6,Bretagne,-0.04518677458518405
342,2022,7,Bretagne,-0.018612048555637473
343,2022,8,Bretagne,0.04188688075386393
344,2022,9,Bretagne,0.05580076887430008
345,2022,10,Bretagne,0.024549571961653083
346,2022,11,Bretagne,0.04250786395740391
347,2022,12,Bretagne,0.017401371536874377
348,2022,1,Centre-Val-de-Loire,0.02470193228517048
349,2022,2,Centre-Val-de-Loire,-0.0043707306154093795
350,2022,3,Centre-Val-de-Loire,0.0604648510981165
351,2022,4,Centre-Val-de-Loire,-0.031114148813038534
352,2022,5,Centre-Val-de-Loire,0.13344152096364192
353,2022,6,Centre-Val-de-Loire,-0.04163224445031277
354,2022,7,Centre-Val-de-Loire,-0.012148702581923243
355,2022,8,Centre-Val-de-Loire,0.045121482869806995
356,2022,9,Centre-Val-de-Loire,0.034972000688757277
357,2022,10,Centre-Val-de-Loire,0.018805522868202473
358,2022,11,Centre-Val-de-Loire,0.05839457638653234
359,2022,12,Centre-Val-de-Loire,0.018311319037954465
360,2022,1,Grand Est,0.05730563569521552
361,2022,2,Grand Est,-0.0193609044951224
362,2022,3,Grand Est,0.053763668925830066
363,2022,4,Grand Est,-0.022812502503004817
364,2022,5,Grand Est,0.09385027240055899
365,2022,6,Grand Est,-0.052779427322680705
366,2022,7,Grand Est,-0.030506707776326025
367,2022,8,Grand Est,0.041956516435135205
368,2022,9,Grand Est,0.03338296286127185
369,2022,10,Grand Est,0.019350147335033485
370,2022,11,Grand Est,0.037043919213590515
371,2022,12,Grand Est,0.006411263678865575
372,2022,1,Hauts-de-France,0.04104834249012357
373,2022,2,Hauts-de-France,-0.014414456865742942
374,2022,3,Hauts-de-France,0.07298287250026703
375,2022,4,Hauts-de-France,-0.030710387729268818
376,2022,5,Hauts-de-France,0.1102993808538284
377,2022,6,Hauts-de-France,-0.029432312454962695
378,2022,7,Hauts-de-France,-0.011262335573833715
379,2022,8,Hauts-de-France,0.05654194671172452
380,2022,9,Hauts-de-France,0.04666571463373903
381,2022,10,Hauts-de-France,0.017441599854977063
382,2022,11,Hauts-de-France,0.04476033074043917
383,2022,12,Hauts-de-France,0.01509644320998138
384,2022,1,Ile-de-France,0.032304271763230474
385,2022,2,Ile-de-France,0.07340109485530322
386,2022,3,Ile-de-France,0.018885436805111677
387,2022,4,Ile-de-France,0.020266333556359983
388,2022,5,Ile-de-France,0.06787793013181509
389,2022,6,Ile-de-France,-0.038733808764550015
390,2022,7,Ile-de-France,-0.01625126426581991
391,2022,8,Ile-de-France,0.07555637519749214
392,2022,9,Ile-de-France,0.06232027226690873
393,2022,10,Ile-de-France,-0.0036414617814050088
394,2022,11,Ile-de-France,0.04162366858674793
395,2022,12,Ile-de-France,0.0030138624671134373
396,2022,1,Normandie,0.016859065022040154
397,2022,2,Normandie,-0.003740452137379391
398,2022,3,Normandie,0.0742906965923904
399,2022,4,Normandie,-0.03551037255188094
400,2022,5,Normandie,0.12177874891415708
401,2022,6,Normandie,-0.03268857372778178
402,2022,7,Normandie,-0.02423329633479543
403,2022,8,Normandie,0.06719136004648729
404,2022,9,Normandie,0.043425847852456734
405,2022,10,Normandie,0.02363595154742515
406,2022,11,Normandie,0.048608385741811366
407,2022,12,Normandie,0.013960776258815866
408,2022,1,Nouvelle-Aquitaine,0.03333075627911608
409,2022,2,Nouvelle-Aquitaine,0.009820989358895416
410,2022,3,Nouvelle-Aquitaine,0.028651222263065268
411,2022,4,Nouvelle-Aquitaine,-0.022371053006281616
412,2022,5,Nouvelle-Aquitaine,0.07902659950120516
413,2022,6,Nouvelle-Aquitaine,-0.04197202709470382
414,2022,7,Nouvelle-Aquitaine,-0.035808743072130444
415,2022,8,Nouvelle-Aquitaine,0.06019343130059007
416,2022,9,Nouvelle-Aquitaine,0.036348934675368705
417,2022,10,Nouvelle-Aquitaine,0.024867434051454085
418,2022,11,Nouvelle-Aquitaine,0.04337082789505864
419,2022,12,Nouvelle-Aquitaine,0.01951224282138031
420,2022,1,Occitanie,0.031411485447898846
421,2022,2,Occitanie,0.045347277164548006
422,2022,3,Occitanie,0.0003574909805359461
423,2022,4,Occitanie,-0.0021037006340305364
424,2022,5,Occitanie,0.0393074543902705
425,2022,6,Occitanie,-0.04215646801995676
426,2022,7,Occitanie,-0.019948051368518405
427,2022,8,Occitanie,0.057375059880562684
428,2022,9,Occitanie,0.03998857161687153
429,2022,10,Occitanie,0.02601069246859078
430,2022,11,Occitanie,0.052757525114608184
431,2022,12,Occitanie,0.013922952923425047
432,2022,1,Pays de la Loire,0.017137366976267554
433,2022,2,Pays de la Loire,-0.022944959566192025
434,2022,3,Pays de la Loire,0.05444769553496798
435,2022,4,Pays de la Loire,-0.06114888999089796
436,2022,5,Pays de la Loire,0.1015299769222926
437,2022,6,Pays de la Loire,-0.046802779650928716
438,2022,7,Pays de la Loire,-0.03498744003549903
439,2022,8,Pays de la Loire,0.052501268555640745
440,2022,9,Pays de la Loire,0.0386260697966303
441,2022,10,Pays de la Loire,0.023996595330202153
442,2022,11,Pays de la Loire,0.06073724505998146
443,2022,12,Pays de la Loire,0.028074425781448697
444,2022,1,Provence-Alpes-Côte d'Azur et Corse,0.06310091131790774
445,2022,2,Provence-Alpes-Côte d'Azur et Corse,0.020646220273357496
446,2022,3,Provence-Alpes-Côte d'Azur et Corse,0.055222714222375124
447,2022,4,Provence-Alpes-Côte d'Azur et Corse,-0.02431642029304215
448,2022,5,Provence-Alpes-Côte d'Azur et Corse,0.08174443895708805
449,2022,6,Provence-Alpes-Côte d'Azur et Corse,-0.03221844380361649
450,2022,7,Provence-Alpes-Côte d'Azur et Corse,-0.02686179990325699
451,2022,8,Provence-Alpes-Côte d'Azur et Corse,0.05902879895145818
452,2022,9,Provence-Alpes-Côte d'Azur et Corse,0.05418683744295838
453,2022,10,Provence-Alpes-Côte d'Azur et Corse,0.0316008181551557
454,2022,11,Provence-Alpes-Côte d'Azur et Corse,0.04719919075680967
455,2022,12,Provence-Alpes-Côte d'Azur et Corse,0.014727363547582195
456,2022,1,Régions et Départements d'outre-mer,0.02941669456982199
457,2022,2,Régions et Départements d'outre-mer,-0.004007401053049753
458,2022,3,Régions et Départements d'outre-mer,-0.0027002822351598343
459,2022,4,Régions et Départements d'outre-mer,-0.015420927401233686
460,2022,5,Régions et Départements d'outre-mer,0.04904977991558046
461,2022,6,Régions et Départements d'outre-mer,-0.014236743893798365
462,2022,7,Régions et Départements d'outre-mer,0.0351312249314113
463,2022,8,Régions et Départements d'outre-mer,0.06814713579408704
464,2022,9,Régions et Départements d'outre-mer,0.0872117216749917
465,2022,10,Régions et Départements d'outre-mer,0.07020053523913372
466,2022,11,Régions et Départements d'outre-mer,0.09619293890790548
467,2022,12,Régions et Départements d'outre-mer,0.009068742011331565
468,2023,1,Auvergne-Rhône-Alpes,0.13592345550122076
469,2023,2,Auvergne-Rhône-Alpes,0.053803749606535334
470,2023,3,Auvergne-Rhône-Alpes,0.041816163950806784
471,2023,4,Auvergne-Rhône-Alpes,0.026478416795918447
472,2023,5,Auvergne-Rhône-Alpes,-0.0005211396326285644
473,2023,6,Auvergne-Rhône-Alpes,0.0851987910626486
474,2023,7,Auvergne-Rhône-Alpes,0.0654173165306513
475,2023,8,Auvergne-Rhône-Alpes,0.0631263717641184
476,2023,9,Auvergne-Rhône-Alpes,0.01579490633878078
477,2023,10,Auvergne-Rhône-Alpes,0.0807897167038818
478,2023,11,Auvergne-Rhône-Alpes,0.06916114235219539
479,2023,12,Auvergne-Rhône-Alpes,0.04199067781657595
480,2023,1,Bourgogne-Franche-Comté,0.10165633256351536
481,2023,2,Bourgogne-Franche-Comté,0.06858364135658257
482,2023,3,Bourgogne-Franche-Comté,0.04166103069990701
483,2023,4,Bourgogne-Franche-Comté,0.018457082979689288
484,2023,5,Bourgogne-Franche-Comté,-0.006109305610302318
485,2023,6,Bourgogne-Franche-Comté,0.07837304422799019
486,2023,7,Bourgogne-Franche-Comté,0.05097576525025649
487,2023,8,Bourgogne-Franche-Comté,0.05358598279399662
488,2023,9,Bourgogne-Franche-Comté,0.010101475116270686
489,2023,10,Bourgogne-Franche-Comté,0.07327133972958677
490,2023,11,Bourgogne-Franche-Comté,0.07231291826416508
491,2023,12,Bourgogne-Franche-Comté,0.046100548694037125
492,2023,1,Bretagne,0.0984857915345625
493,2023,2,Bretagne,0.07847953610730785
494,2023,3,Bretagne,0.04771668475303037
495,2023,4,Bretagne,0.013786951061112829
496,2023,5,Bretagne,-0.01068217388370818
497,2023,6,Bretagne,0.07455545929982366
498,2023,7,Bretagne,0.06630922275056683
499,2023,8,Bretagne,0.07811828419220879
500,2023,9,Bretagne,0.015506953340874707
501,2023,10,Bretagne,0.07887010032152042
502,2023,11,Bretagne,0.061199684515758745
503,2023,12,Bretagne,0.06076729667646297
504,2023,1,Centre-Val-de-Loire,0.10818871470153124
505,2023,2,Centre-Val-de-Loire,0.0660942072925037
506,2023,3,Centre-Val-de-Loire,0.04768110748917476
507,2023,4,Centre-Val-de-Loire,0.007493756209437263
508,2023,5,Centre-Val-de-Loire,-0.00017127402391892144
509,2023,6,Centre-Val-de-Loire,0.07462363073133282
510,2023,7,Centre-Val-de-Loire,0.061305431664603116
511,2023,8,Centre-Val-de-Loire,0.07796617520101456
512,2023,9,Centre-Val-de-Loire,0.021340632001562332
513,2023,10,Centre-Val-de-Loire,0.07772924271418136
514,2023,11,Centre-Val-de-Loire,0.06977322376747197
515,2023,12,Centre-Val-de-Loire,0.053704265034666854
516,2023,1,Grand Est,0.09026460619162546
517,2023,2,Grand Est,0.07241935815037248
518,2023,3,Grand Est,0.04340771433800983
519,2023,4,Grand Est,0.00318059512357749
520,2023,5,Grand Est,-0.007062590656004342
521,2023,6,Grand Est,0.07740104057447872
522,2023,7,Grand Est,0.06042338389049107
523,2023,8,Grand Est,0.046332424852704834
524,2023,9,Grand Est,0.01690378187736874
525,2023,10,Grand Est,0.07398910151833071
526,2023,11,Grand Est,0.07252462062794884
527,2023,12,Grand Est,0.05302926563421728
528,2023,1,Hauts-de-France,0.08931708623030743
529,2023,2,Hauts-de-France,0.06449432015153933
530,2023,3,Hauts-de-France,0.037279784570035446
531,2023,4,Hauts-de-France,0.012391206655061549
532,2023,5,Hauts-de-France,0.0013607095908862998
533,2023,6,Hauts-de-France,0.06712704849045292
534,2023,7,Hauts-de-France,0.05909480703394254
535,2023,8,Hauts-de-France,0.06128392185369824
536,2023,9,Hauts-de-France,0.010650327999597087
537,2023,10,Hauts-de-France,0.06676966759073544
538,2023,11,Hauts-de-France,0.055925696279422565
539,2023,12,Hauts-de-France,0.04709826975840148
540,2023,1,Ile-de-France,0.10250898784150353
541,2023,2,Ile-de-France,0.046078816380797916
542,2023,3,Ile-de-France,0.04212794748156634
543,2023,4,Ile-de-France,0.014454189467114187
544,2023,5,Ile-de-France,0.012279184644578667
545,2023,6,Ile-de-France,0.07902401428861516
546,2023,7,Ile-de-France,0.07164200722162906
547,2023,8,Ile-de-France,0.07451187680902205
548,2023,9,Ile-de-France,0.02926475358972014
549,2023,10,Ile-de-France,0.0914295847694484
550,2023,11,Ile-de-France,0.06369517340424724
551,2023,12,Ile-de-France,0.04542010218367998
552,2023,1,Normandie,0.10268944987251594
553,2023,2,Normandie,0.05576944134306183
554,2023,3,Normandie,0.0378114337373483
555,2023,4,Normandie,0.010899076081350989
556,2023,5,Normandie,-0.0008694166278820914
557,2023,6,Normandie,0.07491043516691942
558,2023,7,Normandie,0.07570891765091625
559,2023,8,Normandie,0.06177849955263803
560,2023,9,Normandie,0.013788601320585014
561,2023,10,Normandie,0.07086676376988499
562,2023,11,Normandie,0.07468274016640497
563,2023,12,Normandie,0.0650652285275779
564,2023,1,Nouvelle-Aquitaine,0.10380789588840322
565,2023,2,Nouvelle-Aquitaine,0.07272804009097555
566,2023,3,Nouvelle-Aquitaine,0.04467838418609427
567,2023,4,Nouvelle-Aquitaine,0.020377858049311914
568,2023,5,Nouvelle-Aquitaine,-7.268281253891562e-05
569,2023,6,Nouvelle-Aquitaine,0.08183210461006096
570,2023,7,Nouvelle-Aquitaine,0.07459855077771671
571,2023,8,Nouvelle-Aquitaine,0.056314453406429044
572,2023,9,Nouvelle-Aquitaine,0.01901701915905174
573,2023,10,Nouvelle-Aquitaine,0.08277306781289195
574,2023,11,Nouvelle-Aquitaine,0.08529558456425446
575,2023,12,Nouvelle-Aquitaine,0.048110534195240584
576,2023,1,Occitanie,0.10418945307880279
577,2023,2,Occitanie,0.06069287424082592
578,2023,3,Occitanie,0.0490619824821783
579,2023,4,Occitanie,0.03137330130085014
580,2023,5,Occitanie,0.003123001543039461
581,2023,6,Occitanie,0.07664128858950581
582,2023,7,Occitanie,0.06445634245224707
583,2023,8,Occitanie,0.05191590933036738
584,2023,9,Occitanie,0.013674638805114103
585,2023,10,Occitanie,0.06774687738849439
586,2023,11,Occitanie,0.06808578316242953
587,2023,12,Occitanie,0.04801748120536398
588,2023,1,Pays de la Loire,0.10345007615193924
589,2023,2,Pays de la Loire,0.07503908329435016
590,2023,3,Pays de la Loire,0.04958305594968526
591,2023,4,Pays de la Loire,0.020774941262985402
592,2023,5,Pays de la Loire,0.007306126612761199
593,2023,6,Pays de la Loire,0.08666731728562715
594,2023,7,Pays de la Loire,0.07175943663990259
595,2023,8,Pays de la Loire,0.06968842630288008
596,2023,9,Pays de la Loire,0.017144145775356723
597,2023,10,Pays de la Loire,0.0739021817151908
598,2023,11,Pays de la Loire,0.07107706337580089
599,2023,12,Pays de la Loire,0.039078496163981624
600,2023,1,Provence-Alpes-Côte d'Azur et Corse,0.10800277481126508
601,2023,2,Provence-Alpes-Côte d'Azur et Corse,0.05814806611843992
602,2023,3,Provence-Alpes-Côte d'Azur et Corse,0.04551061867401507
603,2023,4,Provence-Alpes-Côte d'Azur et Corse,0.01841028587003679
604,2023,5,Provence-Alpes-Côte d'Azur et Corse,0.006638133334857743
605,2023,6,Provence-Alpes-Côte d'Azur et Corse,0.07411777737693748
606,2023,7,Provence-Alpes-Côte d'Azur et Corse,0.07074691854949955
607,2023,8,Provence-Alpes-Côte d'Azur et Corse,0.06334849860441882
608,2023,9,Provence-Alpes-Côte d'Azur et Corse,0.02882864803899632
609,2023,10,Provence-Alpes-Côte d'Azur et Corse,0.07217915391886631
610,2023,11,Provence-Alpes-Côte d'Azur et Corse,0.07302816188445949
611,2023,12,Provence-Alpes-Côte d'Azur et Corse,0.05146445377810149
612,2023,1,Régions et Départements d'outre-mer,0.05729397370686273
613,2023,2,Régions et Départements d'outre-mer,0.054496445211764444
614,2023,3,Régions et Départements d'outre-mer,0.06875134550700346
615,2023,4,Régions et Départements d'outre-mer,0.06344977393475104
616,2023,5,Régions et Départements d'outre-mer,0.031372374206633635
617,2023,6,Régions et Départements d'outre-mer,0.06675322868829281
618,2023,7,Régions et Départements d'outre-mer,0.06566052506985165
619,2023,8,Régions et Départements d'outre-mer,0.07400031946075991
620,2023,9,Régions et Départements d'outre-mer,0.04273379039670533
621,2023,10,Régions et Départements d'outre-mer,0.03896723649512568
622,2023,11,Régions et Départements d'outre-mer,0.08641706675918037
623,2023,12,Régions et Départements d'outre-mer,0.0725731648539667
624,2024,1,Auvergne-Rhône-Alpes,0.03468217987705624
625,2024,2,Auvergne-Rhône-Alpes,0.11115013250462713
626,2024,3,Auvergne-Rhône-Alpes,-0.021766795360841806
627,2024,4,Auvergne-Rhône-Alpes,0.11705617588706518
628,2024,5,Auvergne-Rhône-Alpes,0.020239339375288656
629,2024,6,Auvergne-Rhône-Alpes,-0.04098104102079125
630,2024,7,Auvergne-Rhône-Alpes,0.1316760507268846
631,2024,8,Auvergne-Rhône-Alpes,-0.017228516190575305
632,2024,9,Auvergne-Rhône-Alpes,0.02007335201180771
633,2024,10,Auvergne-Rhône-Alpes,0.01917219315047114
634,2024,11,Auvergne-Rhône-Alpes,-0.12960071111157634
635,2024,12,Auvergne-Rhône-Alpes,-0.2797854591504172
636,2024,1,Bourgogne-Franche-Comté,0.04578342401070956
637,2024,2,Bourgogne-Franche-Comté,0.09968047519326406
638,2024,3,Bourgogne-Franche-Comté,-0.019367170137997602
639,2024,4,Bourgogne-Franche-Comté,0.11476021152034543
640,2024,5,Bourgogne-Franche-Comté,0.029261402663524727
641,2024,6,Bourgogne-Franche-Comté,-0.04193693210598004
642,2024,7,Bourgogne-Franche-Comté,0.12483349166696067
643,2024,8,Bourgogne-Franche-Comté,-0.014640525898283019
644,2024,9,Bourgogne-Franche-Comté,0.01847313680502327
645,2024,10,Bourgogne-Franche-Comté,0.032818485379179085
646,2024,11,Bourgogne-Franche-Comté,-0.13807771671244573
647,2024,12,Bourgogne-Franche-Comté,-0.2593212443561641
648,2024,1,Bretagne,0.04431815805755979
649,2024,2,Bretagne,0.13545555111910557
650,2024,3,Bretagne,-0.035404380085548914
651,2024,4,Bretagne,0.15458126876141853
652,2024,5,Bretagne,0.024441282226801864
653,2024,6,Bretagne,-0.02753740744255273
654,2024,7,Bretagne,0.13471711568410583
655,2024,8,Bretagne,-0.017957238277724552
656,2024,9,Bretagne,0.027179739469860298
657,2024,10,Bretagne,0.02217197083644007
658,2024,11,Bretagne,-0.10532606103134134
659,2024,12,Bretagne,-0.26249186027784066
660,2024,1,Centre-Val-de-Loire,0.04490833838560793
661,2024,2,Centre-Val-de-Loire,0.11984492705133531
662,2024,3,Centre-Val-de-Loire,-0.03550255273261804
663,2024,4,Centre-Val-de-Loire,0.1455745815942575
664,2024,5,Centre-Val-de-Loire,0.02108728801891746
665,2024,6,Centre-Val-de-Loire,-0.022804726983145174
666,2024,7,Centre-Val-de-Loire,0.13218461332880804
667,2024,8,Centre-Val-de-Loire,-0.01684450023013051
668,2024,9,Centre-Val-de-Loire,0.022695411924643638
669,2024,10,Centre-Val-de-Loire,0.026967171840857063
670,2024,11,Centre-Val-de-Loire,-0.12737342231058446
671,2024,12,Centre-Val-de-Loire,-0.2586836488382328
672,2024,1,Grand Est,0.033230560565488565
673,2024,2,Grand Est,0.13255781913843467
674,2024,3,Grand Est,-0.057727543062487396
675,2024,4,Grand Est,0.16693565904355467
676,2024,5,Grand Est,0.017764821323323687
677,2024,6,Grand Est,-0.02659693978182387
678,2024,7,Grand Est,0.12271453436369817
679,2024,8,Grand Est,0.003088256379464527
680,2024,9,Grand Est,0.015143718832952402
681,2024,10,Grand Est,0.012202836646094006
682,2024,11,Grand Est,-0.13610779598730582
683,2024,12,Grand Est,-0.2912846171872491
684,2024,1,Hauts-de-France,0.02008442576249303
685,2024,2,Hauts-de-France,0.12658957557263917
686,2024,3,Hauts-de-France,-0.041556192229719846
687,2024,4,Hauts-de-France,0.13906478591872595
688,2024,5,Hauts-de-France,0.015092123701720084
689,2024,6,Hauts-de-France,-0.031308817849396875
690,2024,7,Hauts-de-France,0.11969406254300674
691,2024,8,Hauts-de-France,-0.00867288611940209
692,2024,9,Hauts-de-France,0.01959833864359828
693,2024,10,Hauts-de-France,0.0323977961702997
694,2024,11,Hauts-de-France,-0.11079422960620644
695,2024,12,Hauts-de-France,-0.2754693929045421
696,2024,1,Ile-de-France,0.04340785365479616
697,2024,2,Ile-de-France,0.06057531124595705
698,2024,3,Ile-de-France,0.012618598962060856
699,2024,4,Ile-de-France,0.07189560898919423
700,2024,5,Ile-de-France,0.05305817825015713
701,2024,6,Ile-de-France,-0.035530032993203786
702,2024,7,Ile-de-France,0.09931977993584429
703,2024,8,Ile-de-France,-0.043047954073089256
704,2024,9,Ile-de-France,0.015583434489343517
705,2024,10,Ile-de-France,0.013936483882377448
706,2024,11,Ile-de-France,-0.11613043879151697
707,2024,12,Ile-de-France,-0.2517345580984891
708,2024,1,Normandie,0.029256402071358822
709,2024,2,Normandie,0.1364468988159271
710,2024,3,Normandie,-0.03169276800430032
711,2024,4,Normandie,0.15205757324762104
712,2024,5,Normandie,0.016936452627015264
713,2024,6,Normandie,-0.033655144076390364
714,2024,7,Normandie,0.12551465678990548
715,2024,8,Normandie,-0.01697082616379042
716,2024,9,Normandie,0.03270086352155288
717,2024,10,Normandie,0.03682974589917598
718,2024,11,Normandie,-0.13014962050573198
719,2024,12,Normandie,-0.25924124864883336
720,2024,1,Nouvelle-Aquitaine,0.057871604835665114
721,2024,2,Nouvelle-Aquitaine,0.10738202092809246
722,2024,3,Nouvelle-Aquitaine,-0.012313602423480896
723,2024,4,Nouvelle-Aquitaine,0.12258953439257803
724,2024,5,Nouvelle-Aquitaine,0.042728497241919516
725,2024,6,Nouvelle-Aquitaine,-0.02927461294892586
726,2024,7,Nouvelle-Aquitaine,0.1361978237803334
727,2024,8,Nouvelle-Aquitaine,-0.0064932225033571545
728,2024,9,Nouvelle-Aquitaine,0.02641743672677377
729,2024,10,Nouvelle-Aquitaine,0.021048096574013186
730,2024,11,Nouvelle-Aquitaine,-0.1420414118229527
731,2024,12,Nouvelle-Aquitaine,-0.2750958709458231
732,2024,1,Occitanie,0.03525301105213963
733,2024,2,Occitanie,0.054842484612396714
734,2024,3,Occitanie,0.002095576951979039
735,2024,4,Occitanie,0.06766680544407255
736,2024,5,Occitanie,0.04221416847231674
737,2024,6,Occitanie,-0.037138239271395035
738,2024,7,Occitanie,0.11506179582423481
739,2024,8,Occitanie,-0.02876592356461738
740,2024,9,Occitanie,0.007787057778278816
741,2024,10,Occitanie,0.0038519928986811003
742,2024,11,Occitanie,-0.15833255156386838
743,2024,12,Occitanie,-0.30064254079675046
744,2024,1,Pays de la Loire,0.04185886108649495
745,2024,2,Pays de la Loire,0.13855607569065276
746,2024,3,Pays de la Loire,-0.043886485946761034
747,2024,4,Pays de la Loire,0.1471287485832402
748,2024,5,Pays de la Loire,0.014530359483327926
749,2024,6,Pays de la Loire,-0.03359243369234599
750,2024,7,Pays de la Loire,0.1478727687189585
751,2024,8,Pays de la Loire,0.005603215431585484
752,2024,9,Pays de la Loire,0.017502561635660108
753,2024,10,Pays de la Loire,-0.0031229835333568268
754,2024,11,Pays de la Loire,-0.13782413253631842
755,2024,12,Pays de la Loire,-0.26821750174482295
756,2024,1,Provence-Alpes-Côte d'Azur et Corse,0.032716915273219405
757,2024,2,Provence-Alpes-Côte d'Azur et Corse,0.12110222513272961
758,2024,3,Provence-Alpes-Côte d'Azur et Corse,-0.056904933255952805
759,2024,4,Provence-Alpes-Côte d'Azur et Corse,0.12680957227726064
760,2024,5,Provence-Alpes-Côte d'Azur et Corse,0.0004947945429940592
761,2024,6,Provence-Alpes-Côte d'Azur et Corse,-0.045914868744025616
762,2024,7,Provence-Alpes-Côte d'Azur et Corse,0.10632073984050705
763,2024,8,Provence-Alpes-Côte d'Azur et Corse,-0.034639792761110844
764,2024,9,Provence-Alpes-Côte d'Azur et Corse,0.003082426508622005
765,2024,10,Provence-Alpes-Côte d'Azur et Corse,0.0003250284517573032
766,2024,11,Provence-Alpes-Côte d'Azur et Corse,-0.15239994435008097
767,2024,12,Provence-Alpes-Côte d'Azur et Corse,-0.30072382346370685
768,2024,1,Régions et Départements d'outre-mer,0.0520110235531972
769,2024,2,Régions et Départements d'outre-mer,0.10465729232567789
770,2024,3,Régions et Départements d'outre-mer,-0.0008032720627009216
771,2024,4,Régions et Départements d'outre-mer,0.09630976927141166
772,2024,5,Régions et Départements d'outre-mer,0.007683959683298491
773,2024,6,Régions et Départements d'outre-mer,-0.030004016133316158
774,2024,7,Régions et Départements d'outre-mer,0.06455806632438899
775,2024,8,Régions et Départements d'outre-mer,-0.01882693162411886
776,2024,9,Régions et Départements d'outre-mer,-0.02681967169680166
777,2024,10,Régions et Départements d'outre-mer,-0.023457032669441658
778,2024,11,Régions et Départements d'outre-mer,-0.15701744688315045
779,2024,12,Régions et Départements d'outre-mer,-0.34519888245862207
